Model,Accuracy,F1 Score,ROC AUC
Meta-Model,0.7142857142857143,0.6785714285714286,0.74375
