SMOTE Technique,Base Model,Meta Model,Mean Accuracy,Mean F1 Score,Mean ROC AUC,Test Accuracy,Test F1 Score,Test ROC Area
ADASYN,GBoost,XGBoost,0.9298461538461538,0.928415458937198,0.9720061989292759,0.6666666666666666,0.6896551724137931,0.6761363636363636
